127.0.0.1, Localhost
82.37.38.23, Oxford (GB)
129.67.45.78,Oxford (GB),
129.67.45.78,Oxford (GB),
129.67.45.78,Oxford (GB),
129.67.45.78,Oxford (GB),
10.5.107.212, 82.132.219.47,nowhere (neverland),
10.5.107.212, 82.132.219.47,nowhere (neverland),
10.5.107.212, 82.132.219.47,nowhere (neverland),
10.5.107.212, 82.132.219.47,nowhere (neverland),
10.5.107.212, 82.132.219.47,nowhere (neverland),
10.5.107.212, 82.132.219.47,nowhere (neverland),
129.67.46.123,nowhere (neverland),
129.67.46.123,nowhere (neverland),
129.67.46.123,nowhere (neverland),
129.67.46.123,nowhere (neverland),
10.5.107.212, 82.132.219.47,nowhere (neverland),
10.5.107.212, 82.132.219.47,nowhere (neverland),
10.5.107.212, 82.132.219.47,nowhere (neverland),
10.5.107.212, 82.132.219.47,nowhere (neverland),
10.5.107.212, 82.132.219.47,nowhere (neverland),
10.5.107.212, 82.132.219.47,nowhere (neverland),
10.5.107.212, 82.132.219.47,nowhere (neverland),
